symbol_n,class_id,coarse,fgc_group,status,fine_name,reg_number,desc_iso,notes,
1,0,valve,yes,TODO,,X8074,"Valve, gate type",bow-tie rỗng — gate valve?,
2,1,valve,yes,TODO,,X8071,"Valve, ball type",Diff form,
3,2,valve,yes,TODO,,X8068,"Valve, globe type",bow-tie + X chéo,
4,3,valve,yes,TODO,,2101,Valve (general),bow-tie + chấm đặc giữa — ball valve?,
5,4,valve,yes,TODO,,X8071,"Valve, ball type",bow-tie đối (X lớn),
6,5,valve,yes,TODO,,X8075,"Valve, butterfly type",bow-tie + chấm đen to,
7,6,valve,yes,TODO,,,"Valve, plug type",www.edrawmax.com,
8,7,valve,yes,TODO,,,,tam giác — check valve?,
9,8,valve,yes,TODO,,,,,
10,9,valve,yes,TODO,,X8076,"Valve, needle type",,
11,10,valve,yes,TODO,,,,,
12,11,valve,yes,TODO,,,,,
13,12,valve,yes,TODO,,,,,
14,13,valve,yes,TODO,,,"Valve, diaphragm type",van + actuator nấm,
15,14,valve,yes,TODO,,,,,
16,15,valve,yes,TODO,,,,,
17,16,blind_disc,yes,DONE,open_disc,C0098,Open disc,,
18,17,blind_disc,yes,DONE,interchangeable_disc_blind,2044,Interchangeable disc (blind disc),,
19,18,blind_disc,yes,DONE,interchangeable_disc_open,2045,Interchangeable disc (open in function),,
20,19,reducer,no,DONE,reducer_cone,C2038,Cone type,coarse=fine (1 fine),
21,20,flange,no,DONE,flange,,,coarse=fine (1 fine),
22,21,heat_exchanger,yes,DONE,insulation_heater,X322,Pipeline with thermal insulation,INS+°C tag,
23,22,heat_exchanger,yes,DONE,heat_exchanger_coil,2514,Heat exchanger with coil shaped tubes,,
24,23,flow_direction,no,DONE,flow_direction,241,Flowmotion in direction of arrow,annotation không phải thiết bị,
25,24,safety_valve,no,DONE,emergency_relief_valve,,,ERV tag, coarse=fine
26,25,instrument,yes,TODO,,,,bubble tròn GLR/GRI/GRO/GI — field instrument,
27,26,instrument,yes,TODO,,,,bubble tròn RO-10 — Restriction Orifice,
28,27,instrument,yes,TODO,,,,bubble tròn SDL — shutdown logic,
29,28,instrument,yes,TODO,,,,bubble tròn DDL — logic,
30,29,instrument,yes,TODO,,,,vuông STA — shared display/control,
31,30,instrument,yes,TODO,,,,octagon ZLO/ZLC — interlock logic,
32,31,instrument,yes,TODO,,,,box LG — logic/level,
